{"1": 0.429904761904762, "2": 0.39830000000000004, "3": 0.14831578947368418, "4": 0.11138888888888891, "5": 0.17966666666666664, "6": 0.11955000000000002, "7": 0.4149473684210526, "8": 0.3673125, "9": 0.4013333333333333, "10": 0.30385, "11": 0.0956842105263158, "12": 0.12163157894736842, "13": 0.05335714285714287, "14": 0.26150000000000007, "15": 0.1568125, "16": 0.04758823529411765, "17": 0.046533333333333336, "18": 0.13000000000000003, "19": 0.07583333333333334, "20": 0.0891, "21": 0.04441176470588235, "22": 0.05217647058823531, "23": 0.08233333333333333, "24": 0.18884999999999996, "25": 0.05000000000000002, "26": 0.0538888888888889, "27": 0.09371428571428574, "28": 0.0703, "29": 0.06911111111111111, "30": 0.12680000000000002, "31": 0.50285, "32": 0.46910526315789475, "33": 0.4512222222222222, "34": 0.5105, "35": 0.52545, "36": 0.5106666666666667, "37": 0.46322222222222226, "38": 0.5311428571428571, "39": 0.5622, "40": 0.5707894736842105, "41": 0.5724444444444444, "42": 0.5561904761904761, "43": 0.584, "44": 0.6075263157894737, "45": 0.58065, "46": 0.59135, "47": 0.5882, "48": 0.5614444444444445, "49": 0.5633333333333335, "50": 0.55665, "51": 0.4807368421052632, "52": 0.5891, "53": 0.5733809523809524, "54": 0.6954}